name,throws,age,stints,teamID,LG,POS1,W,L,CG,ShO,GP,GS,SV,GF,IPOuts, IP , ERA ,HA,ER,HRA,BBA,SOA,IBBA,WP,HPBA,BK,BFP,RA, CMD , DOM , CTL , HR9 , WHIP , WRIP ,HRBIB, RAVG , FIP , DERA , STUFF , GURU ,salary,WAR
Jo Suarez,L,21,1,LAA,AL,Reliever,2,6,0,0,19,15,0,0,243,81.0, 7.11 ,100,64,23,33,72,1,5,10,1,375,67, 2.2 , 8.0 , 3.7 , 2.6 , 1.64 , 3.25 , 0.16 , 7.44 , 6.71 ,6.27, 6 , 9 ,0.265576,-0.6
Ni Pivetta,R,26,1,PHI,NL,Reliever,4,6,1,0,30,13,1,8,281,93.7, 5.38 ,103,56,20,39,89,2,4,4,1,421,64, 2.3 , 8.6 , 3.7 , 1.9 , 1.52 , 2.55 , 0.12 , 6.15 , 5.45 ,5.09, 28 , 19 ,0.440455,-0.1
Gi Gallegos,R,27,1,STL,NL,Reliever,3,2,0,0,66,0,1,10,222,74.0, 2.31 ,44,19,9,16,93,2,3,3,1,279,19, 5.8 , 11.3 , 1.9 , 1.1 , 0.81 , 1.43 , 0.08 , 2.31 , 3.04 ,2.85, 240 , 108 ,0.5222,1.5
Ta Guerrieri,R,26,1,TEX,AL,Reliever,0,0,0,0,20,0,0,5,79,26.3, 5.81 ,26,17,3,22,27,0,2,2,0,123,19, 1.2 , 9.2 , 7.5 , 1.0 , 1.82 , 1.97 , 0.06 , 6.49 , 5.36 ,5.3, 18 , 7 ,0.226784,-0.1
Ma Andriese,R,29,1,ARI,NL,Reliever,5,5,0,0,54,0,1,13,212,70.7, 4.71 ,72,37,8,27,79,4,9,3,2,310,37, 2.9 , 10.1 , 3.4 , 1.0 , 1.40 , 1.51 , 0.06 , 4.71 , 3.71 ,3.46, 128 , 55 ,0.92,0.7
Hu Strickland,R,30,2,WAS,NL,Reliever,2,1,0,0,28,0,2,3,73,24.3, 5.55 ,22,15,6,8,18,0,1,3,0,105,15, 2.3 , 6.7 , 3.0 , 2.2 , 1.23 , 2.79 , 0.12 , 5.55 , 6.28 ,6.08, 1 , 4 ,0.419355,-0.4
Ji Cordero,R,27,2,CHA,AL,Reliever,1,1,0,0,31,0,0,7,112,37.3, 2.89 ,26,12,4,11,31,0,1,3,0,146,12, 2.8 , 7.5 , 2.7 , 1.0 , 0.99 , 1.37 , 0.05 , 2.89 , 4.06 ,4.05, 45 , 24 ,0.214848,0.3
Ne Cortes,L,24,1,NYA,AL,Reliever,5,1,0,0,33,1,0,7,200,66.7, 5.67 ,75,42,16,28,69,1,1,1,0,298,44, 2.5 , 9.3 , 3.8 , 2.2 , 1.55 , 2.82 , 0.14 , 5.94 , 5.56 ,5.21, 39 , 14 ,0.364048,-0.3
Ga Ynoa,R,26,1,BAL,AL,Reliever,1,10,0,0,36,13,0,3,332,110.7, 5.61 ,126,69,29,26,67,1,4,3,1,480,77, 2.6 , 5.4 , 2.1 , 2.4 , 1.37 , 2.86 , 0.12 , 6.26 , 6.18 ,5.87, 0 , 14 ,0.483408,-0.4
Ji Nelson,R,30,1,MIL,NL,Reliever,0,2,0,0,10,3,0,2,66,22.0, 6.95 ,25,17,4,17,26,1,1,2,0,105,18, 1.5 , 10.6 , 7.0 , 1.6 , 1.91 , 2.59 , 0.11 , 7.36 , 5.79 ,5.39, 42 , 6 ,3.7,-0.2
Vi Velasquez,R,27,1,PHI,NL,Reliever,7,8,0,0,33,23,0,2,352,117.3, 4.91 ,120,64,26,43,130,2,5,9,0,516,69, 3.0 , 10.0 , 3.3 , 2.0 , 1.39 , 2.58 , 0.13 , 5.29 , 5.19 ,4.84, 73 , 26 ,2.249,0.7
Cl Holmes,R,26,1,PIT,NL,Reliever,1,2,0,0,35,0,0,10,150,50.0, 5.58 ,45,31,5,36,56,1,4,9,0,240,36, 1.6 , 10.1 , 6.5 , 0.9 , 1.62 , 1.72 , 0.06 , 6.48 , 4.96 ,4.76, 57 , 15 ,0.423728,-0.2
Ch Roe,R,32,1,TBA,AL,Reliever,1,3,0,0,71,0,1,11,153,51.0, 4.06 ,49,23,3,31,65,2,3,1,1,229,27, 2.1 , 11.5 , 5.5 , 0.5 , 1.57 , 1.20 , 0.04 , 4.76 , 3.30 ,3.22, 170 , 62 ,1.275,0.9
Jo Leclerc,R,25,1,TEX,AL,Reliever,2,4,0,0,70,3,14,40,206,68.7, 4.33 ,52,33,7,39,100,1,7,6,0,299,34, 2.6 , 13.1 , 5.1 , 0.9 , 1.33 , 1.59 , 0.07 , 4.46 , 3.58 ,3.47, 245 , 53 ,1.5,1.4
Da Keuchel,L,31,1,ATL,NL,Reliever,8,8,0,0,19,19,0,0,338,112.7, 3.75 ,115,47,16,39,91,1,6,9,0,487,50, 2.3 , 7.3 , 3.1 , 1.3 , 1.37 , 1.77 , 0.07 , 3.99 , 4.71 ,4.61, 24 , 29 ,13.0,0.8
Ma Wisler,R,26,2,SEA,AL,Reliever,3,4,0,0,44,8,0,7,154,51.3, 5.61 ,56,32,10,16,63,0,3,0,1,224,34, 3.9 , 11.0 , 2.8 , 1.8 , 1.40 , 2.26 , 0.12 , 5.96 , 4.21 ,3.97, 148 , 30 ,0.26972,0.4
Ye Almonte,R,25,1,COL,NL,Reliever,0,1,0,0,28,0,0,6,102,34.0, 5.56 ,39,21,7,14,29,0,1,1,0,157,22, 2.1 , 7.7 , 3.7 , 1.9 , 1.56 , 2.47 , 0.11 , 5.82 , 5.49 ,5.17, 14 , 9 ,0.250656,-0.2
Lu Garcia,R,32,1,LAA,AL,Reliever,2,1,0,0,64,2,1,18,186,62.0, 4.35 ,61,30,13,33,57,1,7,5,0,278,35, 1.7 , 8.3 , 4.8 , 1.9 , 1.52 , 2.63 , 0.11 , 5.08 , 5.93 ,5.66, 12 , 10 ,1.675,-0.5
Br Hand,L,29,1,CLE,AL,Reliever,6,4,0,0,60,0,34,54,172,57.3, 3.30 ,53,21,6,18,84,5,0,4,0,242,21, 4.7 , 13.2 , 2.8 , 0.9 , 1.24 , 1.36 , 0.07 , 3.30 , 2.78 ,2.54, 350 , 149 ,6.5,1.5
El Hernandez,R,24,1,MIA,NL,Reliever,3,5,0,0,21,15,0,1,247,82.3, 5.03 ,76,46,20,26,85,1,2,9,1,353,49, 3.3 , 9.3 , 2.8 , 2.2 , 1.24 , 2.74 , 0.14 , 5.36 , 5.57 ,5.24, 50 , 16 ,0.355096,0.0
Je Brigham,R,27,1,MIA,NL,Reliever,3,2,0,0,32,0,1,10,115,38.3, 4.46 ,36,19,8,14,39,2,6,1,0,161,20, 2.8 , 9.2 , 3.3 , 1.9 , 1.30 , 2.45 , 0.12 , 4.70 , 5.05 ,4.69, 54 , 14 ,0.292432,-0.2
Ke Giles,R,28,1,TOR,AL,Reliever,2,3,0,0,53,0,23,44,159,53.0, 1.87 ,36,11,5,17,83,1,2,0,0,208,11, 4.9 , 14.1 , 2.9 , 0.8 , 1.00 , 1.26 , 0.07 , 1.87 , 2.26 ,2.19, 433 , 246 ,6.3,1.8
Jo Tomlin,R,34,1,ATL,NL,Reliever,2,1,0,0,51,1,2,21,238,79.3, 3.74 ,82,33,14,7,51,0,2,0,0,320,35, 7.3 , 5.8 , 0.8 , 1.6 , 1.12 , 1.85 , 0.08 , 3.97 , 4.47 ,4.34, 16 , 28 ,0.959658,0.1
Ro Detwiler,L,33,1,CHA,AL,Reliever,3,5,0,0,18,12,0,2,209,69.7, 6.59 ,86,51,20,27,46,3,1,3,0,315,54, 1.7 , 5.9 , 3.5 , 2.6 , 1.62 , 3.26 , 0.14 , 6.98 , 6.90 ,6.48, 0 , 7 ,0.280496,-0.6
Ma Barnes,R,29,1,BOS,AL,Reliever,5,4,0,0,70,0,4,14,193,64.3, 3.78 ,51,27,8,38,110,2,13,2,1,285,29, 2.9 , 15.4 , 5.3 , 1.1 , 1.38 , 1.83 , 0.11 , 4.06 , 3.26 ,3.11, 391 , 76 ,1.6,1.3
Jo Smith,R,31,1,BOS,AL,Reliever,0,3,0,0,18,2,1,13,93,31.0, 5.81 ,36,20,10,8,29,1,0,3,0,139,22, 3.6 , 8.4 , 2.3 , 2.9 , 1.42 , 3.48 , 0.19 , 6.39 , 6.59 ,5.98, 17 , 5 ,8.0,-0.4
Ad Sampson,R,27,1,TEX,AL,Reliever,6,8,1,0,35,15,0,4,376,125.3, 5.89 ,156,82,29,36,101,1,4,9,1,563,86, 2.8 , 7.3 , 2.6 , 2.1 , 1.53 , 2.60 , 0.12 , 6.18 , 5.67 ,5.31, 13 , 21 ,0.543065,0.2
Da Agrazal,R,25,1,PIT,NL,Reliever,4,5,0,0,15,14,0,0,220,73.3, 4.91 ,82,40,15,18,41,0,0,10,0,321,43, 2.3 , 5.0 , 2.2 , 1.8 , 1.36 , 2.29 , 0.09 , 5.28 , 5.89 ,5.71, 0 , 11 ,0.217832,-0.2
Pe Strop,R,34,1,CHN,NL,Reliever,2,5,0,0,50,0,10,27,125,41.7, 4.97 ,33,23,6,20,49,1,4,5,0,178,24, 2.5 , 10.6 , 4.3 , 1.3 , 1.27 , 1.92 , 0.09 , 5.18 , 4.52 ,4.32, 106 , 20 ,6.25,0.0
Ch Bassitt,R,30,1,OAK,AL,Reliever,10,5,0,0,28,25,0,2,432,144.0, 3.81 ,125,61,21,47,141,0,3,13,0,612,66, 3.0 , 8.8 , 2.9 , 1.3 , 1.19 , 1.78 , 0.08 , 4.13 , 4.39 ,4.25, 68 , 43 ,0.558992,2.0
Ma Albers,R,36,1,MIL,NL,Reliever,8,6,0,0,67,0,4,13,179,59.7, 5.13 ,53,34,8,29,57,3,2,3,1,258,34, 2.0 , 8.6 , 4.4 , 1.2 , 1.37 , 1.83 , 0.07 , 5.13 , 4.64 ,4.4, 43 , 22 ,2.5,0.0
Ad Cimber,R,28,1,CLE,AL,Reliever,6,3,0,0,68,0,1,12,170,56.7, 4.45 ,56,28,6,19,41,2,0,4,0,244,29, 2.2 , 6.5 , 3.0 , 1.0 , 1.32 , 1.39 , 0.05 , 4.61 , 4.35 ,4.2, 20 , 25 ,0.5638,0.2
No Ramirez,R,29,1,LAA,AL,Reliever,5,4,0,0,51,7,0,10,203,67.7, 3.99 ,59,30,9,20,79,1,2,5,0,280,30, 4.0 , 10.5 , 2.7 , 1.2 , 1.17 , 1.63 , 0.08 , 3.99 , 3.70 ,3.54, 157 , 50 ,0.569,1.0
Ni Ramirez,L,30,1,DET,AL,Reliever,5,4,0,0,46,0,0,7,239,79.7, 4.07 ,76,36,11,35,74,4,6,1,0,348,45, 2.1 , 8.4 , 4.0 , 1.2 , 1.39 , 1.82 , 0.07 , 5.08 , 4.49 ,4.27, 43 , 29 ,0.426712,0.4
Ja Diekman,L,32,2,OAK,AL,Reliever,1,7,0,0,76,0,0,5,186,62.0, 4.65 ,49,32,3,39,84,1,6,11,0,282,34, 2.2 , 12.2 , 5.7 , 0.4 , 1.42 , 1.11 , 0.03 , 4.94 , 3.54 ,3.53, 199 , 48 ,0.786305,1.0
Sa Gaviglio,R,29,1,TOR,AL,Reliever,4,2,0,0,52,0,0,9,287,95.7, 4.61 ,85,49,18,22,88,0,0,4,1,392,51, 4.0 , 8.3 , 2.1 , 1.7 , 1.12 , 2.11 , 0.10 , 4.80 , 4.62 ,4.44, 54 , 29 ,0.5795,0.1
Ro Erlin,L,28,1,SDN,NL,Reliever,0,1,0,0,37,1,0,10,166,55.3, 5.37 ,72,33,6,15,52,0,3,1,0,251,36, 3.5 , 8.5 , 2.4 , 1.0 , 1.57 , 1.36 , 0.06 , 5.86 , 3.60 ,3.58, 84 , 44 ,1.45,0.5
Lo Trivino,R,27,1,OAK,AL,Reliever,4,6,0,0,61,0,0,10,180,60.0, 5.25 ,61,35,7,31,57,2,7,3,0,269,40, 1.8 , 8.6 , 4.7 , 1.1 , 1.53 , 1.68 , 0.06 , 6.00 , 4.52 ,4.32, 42 , 24 ,0.5575,0.3
Da Hess,R,25,1,BAL,AL,Reliever,1,10,0,0,23,14,0,5,240,80.0, 7.09 ,94,63,28,30,68,0,1,2,0,365,73, 2.3 , 7.7 , 3.4 , 3.2 , 1.55 , 3.88 , 0.19 , 8.21 , 7.25 ,6.71, 0 , 7 ,0.36663,-0.7
Ry Tepera,R,31,1,TOR,AL,Reliever,0,2,0,0,23,1,0,7,65,21.7, 4.98 ,20,12,5,8,14,2,2,0,0,91,12, 1.8 , 5.8 , 3.3 , 2.1 , 1.29 , 2.68 , 0.11 , 4.98 , 6.02 ,5.61, 0 , 5 ,1.525,-0.2
Ca Carrasco,R,32,1,CLE,AL,Reliever,6,7,1,1,23,12,1,3,240,80.0, 5.29 ,92,47,18,16,96,1,2,2,0,341,48, 6.0 , 10.8 , 1.8 , 2.0 , 1.35 , 2.45 , 0.14 , 5.40 , 4.40 ,4.06, 148 , 34 ,9.75,0.9
Br Martin,L,24,1,TEX,AL,Reliever,2,3,0,0,51,2,0,7,187,62.3, 4.76 ,72,33,7,18,62,2,3,2,0,280,38, 3.4 , 9.0 , 2.6 , 1.0 , 1.44 , 1.41 , 0.06 , 5.49 , 3.63 ,3.51, 99 , 49 ,0.444616,0.9
Ky Gibson,R,31,1,MIN,AL,Reliever,13,7,0,0,34,29,0,0,480,160.0, 4.84 ,175,86,23,56,160,0,8,7,0,706,99, 2.9 , 9.0 , 3.2 , 1.3 , 1.44 , 1.79 , 0.08 , 5.57 , 4.25 ,4.09, 74 , 52 ,8.125,2.6
El Luciano,R,19,1,TOR,AL,Reliever,1,0,0,0,25,0,0,9,101,33.7, 5.35 ,36,20,4,24,27,1,4,3,0,159,20, 1.1 , 7.2 , 6.4 , 1.1 , 1.78 , 1.90 , 0.06 , 5.35 , 5.55 ,5.36, 2 , 8 ,0.555,-0.2
Jo Lopez,R,26,1,KCA,AL,Reliever,4,9,0,0,39,18,1,8,371,123.7, 6.33 ,140,87,27,42,109,0,6,10,0,548,94, 2.6 , 7.9 , 3.1 , 2.0 , 1.47 , 2.52 , 0.11 , 6.84 , 5.54 ,5.25, 21 , 21 ,0.56225,-0.3
Je Blevins,L,35,1,ATL,NL,Reliever,1,0,0,0,45,0,1,12,97,32.3, 3.90 ,25,14,5,16,37,2,2,2,0,141,15, 2.3 , 10.3 , 4.5 , 1.4 , 1.27 , 2.04 , 0.09 , 4.18 , 4.59 ,4.29, 90 , 18 ,1.0,0.0
Pa Lopez,R,23,1,MIA,NL,Reliever,5,8,0,0,21,21,0,0,334,111.3, 5.09 ,111,63,15,27,95,3,6,11,2,469,64, 3.5 , 7.7 , 2.2 , 1.2 , 1.24 , 1.59 , 0.07 , 5.17 , 4.27 ,4.08, 51 , 41 ,0.555,1.6
Ha Robles,R,28,1,LAA,AL,Reliever,5,1,0,0,71,1,23,51,218,72.7, 2.48 ,58,20,6,16,75,1,4,0,1,283,20, 4.7 , 9.3 , 2.0 , 0.7 , 1.02 , 1.05 , 0.04 , 2.48 , 2.87 ,2.81, 149 , 112 ,1.4,1.9
Sc Barlow,R,26,1,KCA,AL,Reliever,3,3,0,0,61,0,1,7,211,70.3, 4.22 ,64,33,6,37,92,3,5,3,1,310,33, 2.5 , 11.8 , 4.7 , 0.8 , 1.44 , 1.38 , 0.05 , 4.22 , 3.40 ,3.25, 193 , 68 ,0.604635,1.1
Ja Garcia,L,26,1,MIA,NL,Reliever,4,2,0,0,53,0,0,11,152,50.7, 3.02 ,40,17,4,16,39,2,4,2,0,206,17, 2.4 , 6.9 , 2.8 , 0.7 , 1.11 , 1.11 , 0.04 , 3.02 , 3.75 ,3.7, 39 , 38 ,0.46252,0.5
He Rondon,R,31,1,HOU,AL,Reliever,3,2,0,0,62,1,0,5,182,60.7, 3.71 ,56,25,10,20,48,0,0,4,0,257,25, 2.4 , 7.1 , 3.0 , 1.5 , 1.25 , 1.98 , 0.08 , 3.71 , 4.95 ,4.83, 18 , 16 ,4.5,-0.2
Mi Feliz,R,26,1,PIT,NL,Reliever,4,4,0,0,58,1,0,5,169,56.3, 3.99 ,44,25,11,27,73,1,0,2,1,239,27, 2.7 , 11.7 , 4.3 , 1.8 , 1.26 , 2.43 , 0.13 , 4.31 , 4.69 ,4.43, 133 , 21 ,0.64894,0.0
Gl Sparkman,R,27,1,KCA,AL,Reliever,4,11,1,1,31,23,0,2,408,136.0, 6.02 ,164,91,30,41,81,1,6,6,2,606,96, 2.0 , 5.4 , 2.7 , 2.0 , 1.51 , 2.51 , 0.10 , 6.35 , 5.91 ,5.64, 0 , 19 ,0.480424,-0.5
Jo Biagini,R,29,2,HOU,AL,Reliever,3,2,0,0,63,0,1,15,194,64.7, 4.59 ,71,33,14,26,60,3,3,1,0,281,35, 2.3 , 8.4 , 3.6 , 1.9 , 1.50 , 2.57 , 0.12 , 4.87 , 5.41 ,5.03, 26 , 15 ,0.183882,-0.2
An Cashner,R,32,2,BOS,AL,Reliever,11,8,0,0,42,23,1,3,450,150.0, 4.68 ,144,78,19,58,108,0,8,4,0,636,84, 1.9 , 6.5 , 3.5 , 1.1 , 1.35 , 1.65 , 0.06 , 5.04 , 4.65 ,4.61, 11 , 36 ,1.577,1.8
Ke Kela,R,26,1,PIT,NL,Reliever,2,0,0,0,32,0,1,8,89,29.7, 2.12 ,19,7,3,11,33,0,1,1,0,119,7, 3.0 , 10.0 , 3.3 , 0.9 , 1.01 , 1.38 , 0.06 , 2.12 , 3.50 ,3.46, 132 , 39 ,3.175,0.4
An Miller,L,34,1,STL,NL,Reliever,5,6,0,0,73,0,6,11,164,54.7, 4.45 ,45,27,11,27,70,1,4,8,0,236,32, 2.6 , 11.5 , 4.4 , 1.8 , 1.32 , 2.51 , 0.13 , 5.27 , 5.18 ,4.94, 113 , 14 ,11.5,-0.4
Ty Chatwood,R,29,1,CHN,NL,Reliever,5,3,0,0,38,5,2,9,230,76.7, 3.76 ,65,32,8,37,74,0,8,5,0,324,33, 2.0 , 8.7 , 4.3 , 0.9 , 1.33 , 1.53 , 0.05 , 3.87 , 4.27 ,4.24, 53 , 29 ,12.5,0.7
Jo Duplantier,R,25,1,ARI,NL,Reliever,1,1,0,0,15,3,1,5,110,36.7, 4.42 ,39,18,2,18,34,1,2,5,0,163,18, 1.9 , 8.3 , 4.4 , 0.5 , 1.55 , 1.04 , 0.03 , 4.42 , 3.94 ,3.87, 58 , 28 ,0.28348,0.3
De Holland,L,32,2,CHN,NL,Reliever,2,5,1,0,51,8,0,19,253,84.3, 6.08 ,82,57,20,45,82,2,1,4,0,376,61, 1.8 , 8.8 , 4.8 , 2.1 , 1.51 , 2.91 , 0.13 , 6.51 , 6.08 ,5.8, 14 , 12 ,0.475,-1.0
Ja Diaz,R,28,1,COL,NL,Reliever,6,4,0,0,56,0,5,20,173,57.7, 4.53 ,56,29,7,19,63,0,4,2,0,245,34, 3.3 , 9.8 , 3.0 , 1.1 , 1.30 , 1.54 , 0.07 , 5.31 , 3.69 ,3.6, 123 , 44 ,0.390904,0.9
Ry Buchter,L,32,1,OAK,AL,Reliever,1,1,0,0,64,0,0,7,136,45.3, 2.98 ,42,15,8,23,50,2,1,2,0,198,16, 2.2 , 9.9 , 4.6 , 1.6 , 1.43 , 2.27 , 0.10 , 3.18 , 4.94 ,4.67, 65 , 16 ,1.4,-0.1
Ma Strahm,L,27,1,SDN,NL,Reliever,6,11,0,0,46,16,0,4,344,114.7, 4.71 ,121,60,22,22,118,4,3,7,1,487,61, 5.4 , 9.3 , 1.7 , 1.7 , 1.25 , 2.11 , 0.11 , 4.79 , 4.39 ,4.1, 95 , 42 ,0.5817,1.5
An Chafin,L,29,1,ARI,NL,Reliever,2,2,0,0,77,0,0,6,158,52.7, 3.76 ,52,22,6,18,68,0,2,2,0,225,23, 3.8 , 11.6 , 3.1 , 1.0 , 1.33 , 1.48 , 0.07 , 3.93 , 3.24 ,3.21, 219 , 63 ,1.945,1.0
Cr Stammen,R,35,1,SDN,NL,Reliever,8,7,0,0,76,0,4,12,246,82.0, 3.29 ,80,30,13,15,73,2,0,2,0,339,36, 4.9 , 8.0 , 1.6 , 1.4 , 1.16 , 1.77 , 0.08 , 3.95 , 4.10 ,3.89, 66 , 40 ,2.25,0.4
Je Hoffman,R,26,1,COL,NL,Reliever,2,6,0,0,15,15,0,0,210,70.0, 6.56 ,77,51,21,34,68,3,2,4,0,315,51, 2.0 , 8.7 , 4.4 , 2.7 , 1.59 , 3.49 , 0.17 , 6.56 , 6.79 ,6.28, 8 , 8 ,0.199928,-0.4
Ju Wilson,L,31,1,NYN,NL,Reliever,4,2,0,0,45,0,4,9,117,39.0, 2.54 ,33,11,4,19,44,1,4,2,1,166,12, 2.3 , 10.2 , 4.4 , 0.9 , 1.33 , 1.51 , 0.06 , 2.77 , 3.89 ,3.8, 109 , 31 ,5.0,0.3
Ed Ramos,R,26,1,PHI,NL,Reliever,1,0,0,0,20,0,0,6,45,15.0, 5.40 ,19,9,5,7,11,1,3,1,0,69,10, 1.6 , 6.6 , 4.2 , 3.0 , 1.73 , 3.80 , 0.17 , 6.00 , 7.67 ,7.06, 0 , 1 ,0.474782,-0.3
Mi Mayers,R,27,1,STL,NL,Reliever,0,1,0,0,16,0,0,4,57,19.0, 6.63 ,21,14,3,11,16,2,1,1,0,88,14, 1.5 , 7.6 , 5.2 , 1.4 , 1.68 , 2.16 , 0.08 , 6.63 , 5.46 ,4.97, 9 , 8 ,0.478898,-0.1
Fr Peralta,R,23,1,MIL,NL,Reliever,7,3,0,0,39,8,1,3,255,85.0, 5.29 ,87,50,15,37,115,1,3,2,0,382,58, 3.1 , 12.2 , 3.9 , 1.6 , 1.46 , 2.20 , 0.12 , 6.14 , 4.16 ,3.91, 184 , 40 ,0.52202,0.9
Ia Kennedy,R,34,1,KCA,AL,Reliever,3,2,0,0,63,0,30,51,190,63.3, 3.41 ,64,24,6,17,73,1,3,1,0,266,24, 4.3 , 10.4 , 2.4 , 0.9 , 1.28 , 1.22 , 0.05 , 3.41 , 2.98 ,2.92, 184 , 94 ,16.5,1.5
Th Pannone,L,25,1,TOR,AL,Reliever,3,6,0,0,37,7,0,8,219,73.0, 6.16 ,73,50,13,31,69,1,6,6,0,325,51, 2.2 , 8.5 , 3.8 , 1.6 , 1.42 , 2.21 , 0.09 , 6.29 , 5.15 ,4.94, 34 , 17 ,0.298089,0.0
Br Kline,R,28,1,BAL,AL,Reliever,1,4,0,0,34,0,0,8,123,41.0, 5.93 ,44,27,9,19,34,0,3,1,0,183,28, 1.8 , 7.5 , 4.2 , 2.0 , 1.54 , 2.66 , 0.11 , 6.15 , 5.86 ,5.61, 6 , 8 ,0.280496,-0.2
De Rodriguez,R,27,1,SFN,NL,Reliever,6,11,0,0,28,16,0,4,297,99.0, 5.64 ,108,62,21,36,71,0,1,2,0,439,74, 2.0 , 6.5 , 3.3 , 1.9 , 1.45 , 2.48 , 0.10 , 6.73 , 5.67 ,5.43, 2 , 16 ,0.39221,-0.5
Ky Ryan,L,27,1,CHN,NL,Reliever,4,2,0,0,73,0,0,12,183,61.0, 3.54 ,55,24,5,29,58,2,1,1,0,260,26, 2.0 , 8.6 , 4.3 , 0.7 , 1.38 , 1.30 , 0.04 , 3.84 , 3.84 ,3.78, 61 , 38 ,0.528168,0.7
Jo Kelly,R,31,1,LAN,NL,Reliever,5,4,0,0,55,0,1,13,154,51.3, 4.56 ,49,26,6,22,62,2,10,3,0,226,31, 2.8 , 10.9 , 3.9 , 1.1 , 1.38 , 1.60 , 0.07 , 5.44 , 3.76 ,3.56, 151 , 43 ,3.0,0.4
Dr VerHagen,R,28,1,DET,AL,Reliever,4,3,0,0,22,4,0,3,174,58.0, 5.90 ,70,38,9,23,51,1,3,4,0,258,40, 2.2 , 7.9 , 3.6 , 1.4 , 1.60 , 1.95 , 0.08 , 6.21 , 4.86 ,4.63, 30 , 18 ,0.320355,0.2
Jo Brebbia,R,29,1,STL,NL,Reliever,3,4,0,0,66,0,0,22,218,72.7, 3.59 ,59,29,6,27,87,2,0,3,0,304,31, 3.2 , 10.8 , 3.3 , 0.7 , 1.18 , 1.20 , 0.05 , 3.84 , 3.12 ,3.02, 184 , 88 ,0.5693,1.3
Ol Perez,L,37,1,CLE,AL,Reliever,2,4,0,0,67,0,1,4,122,40.7, 3.98 ,38,18,5,12,48,2,1,3,0,173,20, 4.0 , 10.6 , 2.7 , 1.1 , 1.23 , 1.52 , 0.07 , 4.43 , 3.54 ,3.34, 171 , 50 ,2.5,0.6
Lu Farrell,R,28,1,TEX,AL,Reliever,1,0,0,0,9,1,0,3,40,13.3, 2.70 ,6,4,3,3,12,0,0,0,0,48,4, 4.0 , 8.1 , 2.0 , 2.0 , 0.68 , 2.48 , 0.12 , 2.70 , 5.00 ,4.97, 37 , 7 ,0.555,0.0
Ca Fulmer,R,25,1,CHA,AL,Reliever,1,2,0,0,20,2,0,3,82,27.3, 6.26 ,26,19,5,20,25,0,1,3,0,133,22, 1.3 , 8.2 , 6.6 , 1.6 , 1.68 , 2.56 , 0.10 , 7.24 , 6.27 ,5.99, 3 , 4 ,0.286464,-0.2
Ch Green,R,28,1,NYA,AL,Reliever,4,4,0,0,54,15,2,10,207,69.0, 4.17 ,66,32,10,19,98,0,2,6,0,295,35, 5.2 , 12.8 , 2.5 , 1.3 , 1.23 , 1.72 , 0.10 , 4.57 , 3.33 ,3.2, 294 , 71 ,0.540792,1.6
An Senzatela,R,24,1,COL,NL,Reliever,11,11,0,0,25,25,0,0,374,124.7, 6.71 ,161,93,19,57,76,5,1,4,3,582,99, 1.3 , 5.5 , 4.1 , 1.4 , 1.75 , 1.98 , 0.07 , 7.15 , 5.43 ,5.13, 0 , 23 ,0.454661,0.1
Ni Wittgren,R,28,1,CLE,AL,Reliever,5,1,0,0,55,0,4,13,173,57.7, 2.81 ,47,18,10,15,60,1,0,0,0,231,22, 4.0 , 9.4 , 2.3 , 1.6 , 1.08 , 1.99 , 0.10 , 3.43 , 4.15 ,3.95, 95 , 32 ,0.519216,0.4
Fr Liriano,L,35,1,PIT,NL,Reliever,5,3,0,0,69,0,0,8,210,70.0, 3.47 ,60,27,8,35,63,1,1,3,0,301,32, 1.8 , 8.1 , 4.5 , 1.0 , 1.36 , 1.64 , 0.06 , 4.11 , 4.51 ,4.47, 33 , 23 ,1.8,0.4
Am Garrett,L,27,1,CIN,NL,Reliever,5,3,0,0,69,0,0,4,168,56.0, 3.21 ,44,20,7,35,78,1,5,4,1,246,22, 2.2 , 12.5 , 5.6 , 1.1 , 1.41 , 1.88 , 0.08 , 3.54 , 4.13 ,4.0, 177 , 30 ,0.5675,0.5
Jo Quijada,L,24,1,MIA,NL,Reliever,2,3,0,0,34,0,1,9,89,29.7, 5.76 ,27,19,10,26,44,3,2,4,0,144,20, 1.7 , 13.3 , 7.9 , 3.0 , 1.79 , 4.25 , 0.29 , 6.07 , 7.65 ,6.89, 52 , 3 ,0.295416,-1.1
Jo Smith,L,30,2,MIA,NL,Reliever,0,0,0,0,14,0,0,6,38,12.7, 6.39 ,11,9,0,11,14,2,0,3,0,64,9, 1.3 , 9.9 , 7.8 , -   , 1.74 , 0.87 , -   , 6.39 , 4.31 ,3.92, 66 , 18 ,8.0,-0.4
He Hembree,R,30,1,BOS,AL,Reliever,1,0,0,0,45,0,2,14,119,39.7, 3.86 ,34,17,7,18,46,2,2,3,0,173,20, 2.6 , 10.4 , 4.1 , 1.6 , 1.31 , 2.22 , 0.11 , 4.54 , 4.76 ,4.41, 94 , 18 ,1.3125,0.1
Ry Yarbrough,L,27,1,TBA,AL,Reliever,11,6,0,0,28,14,0,1,425,141.7, 4.13 ,121,65,15,20,117,2,0,9,1,563,69, 5.9 , 7.4 , 1.3 , 1.0 , 1.00 , 1.20 , 0.05 , 4.38 , 3.54 ,3.49, 71 , 76 ,0.442234,2.6
Ol Drake,R,32,1,TBA,AL,Reliever,5,2,0,0,50,0,2,9,168,56.0, 3.21 ,36,20,9,19,70,1,1,1,0,219,20, 3.7 , 11.3 , 3.1 , 1.4 , 0.98 , 1.95 , 0.10 , 3.21 , 3.86 ,3.67, 171 , 40 ,0.36792,0.5
Yo Chirinos,R,25,1,TBA,AL,Reliever,9,5,0,0,26,18,0,0,400,133.3, 3.85 ,112,57,23,28,114,1,4,3,3,530,61, 4.1 , 7.7 , 1.9 , 1.6 , 1.05 , 1.94 , 0.09 , 4.12 , 4.43 ,4.28, 45 , 40 ,0.5618,1.3
Ky Barraclough,R,29,2,SFN,NL,Reliever,1,2,0,0,43,0,0,9,101,33.7, 5.61 ,38,21,9,21,40,2,3,2,1,164,24, 1.9 , 10.7 , 5.6 , 2.4 , 1.75 , 3.30 , 0.17 , 6.42 , 6.35 ,5.64, 41 , 6 ,0.482248,-0.8
He Velazquez,R,30,1,BOS,AL,Reliever,1,4,0,0,34,8,0,11,169,56.3, 5.43 ,58,34,7,28,49,0,2,3,0,247,40, 1.8 , 7.8 , 4.5 , 1.1 , 1.53 , 1.74 , 0.06 , 6.39 , 4.73 ,4.65, 24 , 18 ,0.511379,0.2
Br Johnson,L,28,1,BOS,AL,Reliever,1,3,0,0,21,7,0,3,121,40.3, 6.02 ,53,27,6,23,31,3,5,0,0,193,29, 1.3 , 6.9 , 5.1 , 1.3 , 1.88 , 2.06 , 0.07 , 6.47 , 5.31 ,4.92, 4 , 12 ,0.575,0.0
Au Adams,R,28,2,SEA,AL,Reliever,2,2,0,0,30,2,0,3,96,32.0, 3.94 ,20,14,4,16,53,0,4,1,0,130,14, 3.3 , 14.9 , 4.5 , 1.1 , 1.13 , 1.75 , 0.10 , 3.94 , 3.11 ,3.04, 387 , 65 ,0.41776,-0.2
Ch Stratton,R,28,2,PIT,NL,Reliever,1,3,0,0,35,5,0,7,228,76.0, 5.57 ,93,47,13,33,69,1,2,0,0,344,50, 2.1 , 8.2 , 3.9 , 1.5 , 1.66 , 2.14 , 0.09 , 5.92 , 4.91 ,4.65, 30 , 21 ,0.430191,0.2
Li Hendriks,R,30,1,OAK,AL,Reliever,4,4,0,0,75,2,25,41,255,85.0, 1.80 ,61,17,5,21,124,5,7,2,0,332,18, 5.9 , 13.1 , 2.2 , 0.5 , 0.96 , 0.84 , 0.04 , 1.91 , 1.86 ,1.74, 420 , 634 ,2.15,3.9
Fe Abad,L,33,1,SFN,NL,Reliever,0,2,0,0,21,0,0,1,39,13.0, 4.15 ,9,6,2,3,9,0,1,0,0,49,6, 3.0 , 6.2 , 2.1 , 1.4 , 0.92 , 1.77 , 0.07 , 4.15 , 4.51 ,4.56, 15 , 10 ,0.197846,-0.1
Jo Gant,R,26,1,STL,NL,Reliever,11,1,0,0,64,0,3,13,199,66.3, 3.66 ,51,27,4,34,60,1,1,0,0,269,29, 1.8 , 8.1 , 4.6 , 0.5 , 1.28 , 1.12 , 0.03 , 3.93 , 3.71 ,3.73, 50 , 41 ,0.5713,0.9
Tr Wingenter,R,25,1,SDN,NL,Reliever,1,3,0,0,51,1,1,8,153,51.0, 5.65 ,34,32,5,28,72,0,4,5,0,218,32, 2.6 , 12.7 , 4.9 , 0.9 , 1.22 , 1.53 , 0.07 , 5.65 , 3.59 ,3.54, 226 , 44 ,0.500332,0.7
An Swarzak,R,33,2,ATL,NL,Reliever,3,4,0,0,59,0,4,8,160,53.3, 4.56 ,52,27,12,27,52,3,2,0,0,234,30, 1.9 , 8.8 , 4.6 , 2.0 , 1.48 , 2.76 , 0.13 , 5.06 , 5.69 ,5.28, 22 , 11 ,2.875,-0.7
Da Hudson,R,32,2,WAS,NL,Reliever,9,3,0,0,69,1,8,25,219,73.0, 2.47 ,56,20,8,27,71,2,2,4,0,304,25, 2.6 , 8.8 , 3.3 , 1.0 , 1.14 , 1.47 , 0.06 , 3.08 , 3.95 ,3.81, 75 , 40 ,0.491965,0.6
Ch Martin,R,33,2,ATL,NL,Reliever,1,3,0,0,58,0,4,20,167,55.7, 3.40 ,52,21,9,5,65,0,0,0,0,216,23, 13.0 , 10.5 , 0.8 , 1.5 , 1.02 , 1.71 , 0.10 , 3.72 , 3.24 ,3.09, 204 , 73 ,0.585,1.1
Em Clase,R,20,1,TEX,AL,Reliever,2,3,0,0,21,1,1,7,70,23.3, 2.31 ,20,6,2,6,21,0,1,1,0,94,8, 3.5 , 8.1 , 2.3 , 0.8 , 1.11 , 1.11 , 0.04 , 3.09 , 3.41 ,3.4, 83 , 39 ,0.176056,0.4
Jo James,R,26,1,HOU,AL,Reliever,5,1,0,0,49,1,1,18,184,61.3, 4.70 ,46,32,10,35,100,0,6,4,0,266,34, 2.9 , 14.7 , 5.1 , 1.5 , 1.32 , 2.20 , 0.14 , 4.99 , 3.97 ,3.81, 304 , 37 ,0.5668,0.5
Sh Armstrong,R,28,2,BAL,AL,Reliever,1,1,0,0,55,0,4,10,174,58.0, 5.74 ,66,37,8,29,63,1,4,4,1,271,38, 2.2 , 9.8 , 4.5 , 1.2 , 1.64 , 1.88 , 0.08 , 5.90 , 4.53 ,4.28, 76 , 24 ,0.46593,0.6
Jo Hader,L,25,1,MIL,NL,Reliever,3,5,0,0,61,0,37,46,227,75.7, 2.62 ,41,22,15,20,138,2,0,4,0,289,24, 6.9 , 16.4 , 2.4 , 1.8 , 0.81 , 2.25 , 0.20 , 2.85 , 3.08 ,2.84, 560 , 110 ,0.6876,2.2
Ti Hill,L,29,1,KCA,AL,Reliever,2,0,0,0,46,0,1,4,119,39.7, 3.63 ,31,16,4,13,39,2,0,4,0,161,17, 3.0 , 8.8 , 2.9 , 0.9 , 1.11 , 1.34 , 0.05 , 3.86 , 3.83 ,3.67, 90 , 35 ,0.31332,0.5
Ca Quantrill,R,24,1,SDN,NL,Reliever,6,8,0,0,23,18,0,0,309,103.0, 5.16 ,106,59,15,28,89,2,3,3,0,443,61, 3.2 , 7.8 , 2.4 , 1.3 , 1.30 , 1.73 , 0.07 , 5.33 , 4.27 ,4.08, 48 , 40 ,0.390904,1.1
An Suarez,L,26,1,SFN,NL,Reliever,0,2,0,0,21,2,0,4,98,32.7, 5.79 ,39,21,7,14,25,2,2,1,0,148,23, 1.8 , 6.9 , 3.9 , 1.9 , 1.62 , 2.57 , 0.11 , 6.34 , 5.83 ,5.43, 3 , 7 ,0.182024,-0.4
Jo Cisnero,R,30,1,DET,AL,Reliever,0,4,0,0,35,0,0,10,106,35.3, 4.33 ,35,17,5,19,40,3,1,3,0,162,21, 2.1 , 10.2 , 4.8 , 1.3 , 1.53 , 1.95 , 0.08 , 5.35 , 4.64 ,4.22, 84 , 20 ,0.274528,0.2
Ma Hall,L,25,1,DET,AL,Reliever,0,1,0,0,16,0,0,7,70,23.3, 7.71 ,28,20,4,15,27,1,1,1,0,113,20, 1.8 , 10.4 , 5.8 , 1.5 , 1.84 , 2.36 , 0.10 , 7.71 , 5.17 ,4.78, 61 , 10 ,0.16412,0.0
Cy Sneed,R,27,1,HOU,AL,Reliever,0,1,0,0,8,0,0,4,64,21.3, 5.48 ,26,13,5,5,23,0,0,0,0,93,13, 4.6 , 9.7 , 2.1 , 2.1 , 1.45 , 2.58 , 0.14 , 5.48 , 4.79 ,4.46, 87 , 13 ,0.202912,0.0
Za Plesac,R,24,1,CLE,AL,Reliever,8,6,1,1,21,21,0,0,347,115.7, 3.81 ,102,49,19,40,88,0,1,3,0,475,52, 2.2 , 6.8 , 3.1 , 1.5 , 1.23 , 1.99 , 0.08 , 4.05 , 4.93 ,4.86, 13 , 25 ,0.34316,0.9
Ta Cole,R,29,1,LAA,AL,Reliever,3,4,0,0,38,6,0,9,155,51.7, 5.92 ,58,34,2,24,50,4,3,2,0,231,35, 2.1 , 8.7 , 4.2 , 0.3 , 1.59 , 0.85 , 0.02 , 6.10 , 3.28 ,3.13, 88 , 69 ,0.335664,0.9
Sa Tuivailala,R,26,1,SEA,AL,Reliever,1,0,0,0,23,2,0,3,69,23.0, 2.35 ,13,6,1,11,27,0,1,2,0,94,6, 2.5 , 10.6 , 4.3 , 0.4 , 1.04 , 0.91 , 0.02 , 2.35 , 3.11 ,3.15, 161 , 52 ,0.5686,0.5
Ja Waguespack,R,26,1,TOR,AL,Reliever,5,5,0,0,16,13,0,0,234,78.0, 4.38 ,75,38,12,29,63,0,2,5,0,335,43, 2.2 , 7.3 , 3.3 , 1.4 , 1.33 , 1.91 , 0.08 , 4.96 , 4.89 ,4.78, 19 , 20 ,0.34316,0.7
Fr Montas,R,26,1,OAK,AL,Reliever,9,2,0,0,16,16,0,0,288,96.0, 2.63 ,84,28,8,23,103,1,5,4,0,394,35, 4.5 , 9.7 , 2.2 , 0.8 , 1.11 , 1.07 , 0.05 , 3.28 , 2.98 ,2.94, 159 , 108 ,0.31912,3.0
Ry Harper,R,30,1,MIN,AL,Reliever,4,2,0,0,61,0,1,7,163,54.3, 3.81 ,54,23,7,10,50,0,5,1,0,225,25, 5.0 , 8.3 , 1.7 , 1.2 , 1.18 , 1.47 , 0.07 , 4.14 , 3.64 ,3.55, 87 , 45 ,0.525184,0.8
Ma Banuelos,L,28,1,CHA,AL,Reliever,3,4,0,0,16,8,0,4,152,50.7, 6.93 ,60,39,12,33,44,3,2,1,1,235,39, 1.3 , 7.8 , 5.9 , 2.1 , 1.84 , 3.02 , 0.13 , 6.93 , 6.56 ,6.15, 1 , 6 ,0.559,-0.4
Jo Ross,R,26,1,WAS,NL,Reliever,4,4,0,0,27,9,0,3,192,64.0, 5.48 ,74,39,7,33,57,1,2,4,0,295,41, 1.7 , 8.0 , 4.6 , 1.0 , 1.67 , 1.61 , 0.05 , 5.77 , 4.58 ,4.42, 31 , 23 ,0.704256,0.6
Sh Anderson,R,25,1,SFN,NL,Reliever,3,5,0,0,28,16,2,4,288,96.0, 5.44 ,111,58,13,38,70,3,6,2,0,427,61, 1.8 , 6.6 , 3.6 , 1.2 , 1.55 , 1.75 , 0.06 , 5.72 , 4.75 ,4.55, 11 , 27 ,0.414776,0.6
Ja Newberry,R,24,1,KCA,AL,Reliever,1,0,0,0,27,0,0,6,93,31.0, 3.77 ,29,13,7,16,29,2,0,1,0,137,13, 1.8 , 8.4 , 4.6 , 2.0 , 1.45 , 2.77 , 0.12 , 3.77 , 5.91 ,5.48, 14 , 7 ,0.259608,-0.3
Jo Osich,L,30,1,CHA,AL,Reliever,4,0,0,0,57,0,0,14,203,67.7, 4.66 ,62,35,15,15,61,1,3,0,0,272,38, 4.1 , 8.1 , 2.0 , 2.0 , 1.14 , 2.44 , 0.12 , 5.05 , 4.94 ,4.74, 40 , 19 ,0.510264,0.0
Jo Loaisiga,R,24,1,NYA,AL,Reliever,2,2,0,0,15,4,0,3,95,31.7, 4.55 ,31,16,6,16,37,0,1,1,0,139,16, 2.3 , 10.5 , 4.5 , 1.7 , 1.48 , 2.40 , 0.12 , 4.55 , 4.94 ,4.72, 80 , 12 ,0.443058,0.1
Co Brewer,R,26,1,BOS,AL,Reliever,1,2,0,0,58,0,0,8,164,54.7, 4.12 ,59,25,6,34,52,1,9,2,0,253,26, 1.5 , 8.6 , 5.6 , 1.0 , 1.70 , 1.72 , 0.06 , 4.28 , 4.70 ,4.54, 31 , 19 ,0.470073,0.0
Za Reininger,R,26,1,DET,AL,Reliever,0,3,0,0,25,1,0,7,84,28.0, 8.68 ,44,27,11,16,17,1,1,0,0,140,28, 1.1 , 5.5 , 5.1 , 3.5 , 2.14 , 4.50 , 0.20 , 9.00 , 8.81 ,7.94, 0 , 1 ,0.217832,-0.9
Vi Alcantara,R,26,1,DET,AL,Reliever,3,2,0,0,46,0,0,9,128,42.7, 4.85 ,45,23,8,15,24,0,3,2,0,182,25, 1.6 , 5.1 , 3.2 , 1.7 , 1.41 , 2.23 , 0.08 , 5.27 , 5.71 ,5.64, 0 , 8 ,0.429858,-0.4
Ju Nicasio,R,32,1,PHI,NL,Reliever,2,3,0,0,47,0,1,10,142,47.3, 4.75 ,57,25,4,21,45,5,0,2,1,217,27, 2.1 , 8.6 , 4.0 , 0.8 , 1.65 , 1.29 , 0.04 , 5.13 , 3.85 ,3.52, 69 , 44 ,9.25,0.4
Mi Foltynewicz,R,27,1,ATL,NL,Reliever,8,6,0,0,21,21,0,0,351,117.0, 4.54 ,109,59,23,37,105,2,5,2,0,491,65, 2.8 , 8.1 , 2.8 , 1.8 , 1.25 , 2.28 , 0.10 , 5.00 , 4.96 ,4.72, 34 , 28 ,4.591409,0.5
Ja Guerra,R,33,2,WAS,NL,Reliever,3,1,0,0,51,0,2,21,203,67.7, 4.66 ,67,35,10,17,57,3,3,1,0,287,36, 3.4 , 7.6 , 2.3 , 1.3 , 1.24 , 1.73 , 0.07 , 4.79 , 4.23 ,3.98, 46 , 34 ,0.554829,-0.2
Ta Clarke,R,26,1,ARI,NL,Reliever,5,5,0,0,23,15,1,3,254,84.7, 5.31 ,86,50,23,30,68,0,3,6,0,369,55, 2.3 , 7.2 , 3.2 , 2.4 , 1.37 , 3.07 , 0.14 , 5.85 , 6.40 ,6.12, 3 , 10 ,0.355096,-0.5
An Bass,R,31,1,SEA,AL,Reliever,2,4,0,0,44,0,5,14,144,48.0, 3.56 ,30,19,5,17,43,2,6,1,0,189,20, 2.5 , 8.1 , 3.2 , 0.9 , 0.98 , 1.40 , 0.05 , 3.75 , 3.89 ,3.74, 58 , 35 ,0.393888,0.6
Za Eflin,R,25,1,PHI,NL,Reliever,10,13,2,1,32,28,0,3,490,163.3, 4.13 ,172,75,28,48,129,5,1,6,0,705,88, 2.7 , 7.1 , 2.6 , 1.5 , 1.35 , 2.01 , 0.08 , 4.85 , 4.84 ,4.58, 22 , 39 ,0.59,1.5
Ar Chapman,L,31,1,NYA,AL,Reliever,3,2,0,0,60,0,37,53,171,57.0, 2.21 ,38,14,3,25,85,0,6,1,0,235,18, 3.4 , 13.4 , 3.9 , 0.5 , 1.11 , 0.96 , 0.04 , 2.84 , 2.27 ,2.37, 360 , 189 ,17.2,2.1
Ju Urias,L,22,1,LAN,NL,Reliever,4,3,0,0,37,8,4,7,239,79.7, 2.49 ,59,22,7,27,85,1,2,5,1,326,28, 3.1 , 9.6 , 3.1 , 0.8 , 1.08 , 1.22 , 0.05 , 3.16 , 3.41 ,3.38, 126 , 63 ,0.565,1.7
Lu Avilan,L,29,1,NYN,NL,Reliever,4,0,0,0,45,0,0,8,96,32.0, 5.06 ,33,18,5,14,30,0,2,3,0,141,18, 2.1 , 8.4 , 3.9 , 1.4 , 1.47 , 2.00 , 0.08 , 5.06 , 4.95 ,4.84, 36 , 11 ,1.6,-0.1
Br Kintzler,R,34,1,CHN,NL,Reliever,3,3,0,0,62,0,1,10,171,57.0, 2.68 ,46,17,5,13,48,3,0,4,0,227,18, 3.7 , 7.6 , 2.1 , 0.8 , 1.04 , 1.11 , 0.04 , 2.84 , 3.55 ,3.37, 70 , 55 ,5.0,0.9
Ch Devenski,R,28,1,HOU,AL,Reliever,2,3,0,0,61,1,0,19,207,69.0, 4.83 ,69,37,13,21,72,0,2,3,0,298,39, 3.4 , 9.4 , 2.7 , 1.7 , 1.30 , 2.19 , 0.11 , 5.09 , 4.61 ,4.37, 78 , 25 ,1.525,0.2
Ma Magill,R,29,2,SEA,AL,Reliever,5,2,0,0,50,0,5,20,152,50.7, 4.09 ,51,23,7,20,64,3,5,2,0,229,31, 3.2 , 11.4 , 3.6 , 1.2 , 1.40 , 1.78 , 0.09 , 5.51 , 3.77 ,3.47, 177 , 47 ,0.21077,0.6
Ja Barria,R,22,1,LAA,AL,Reliever,4,10,0,0,19,13,0,1,248,82.7, 6.42 ,92,59,24,27,75,0,1,2,0,365,61, 2.8 , 8.2 , 2.9 , 2.6 , 1.44 , 3.23 , 0.16 , 6.64 , 6.21 ,5.8, 14 , 11 ,0.25149,-0.5
Ch Chi,R,27,1,COL,NL,Reliever,2,6,0,0,14,12,0,0,189,63.0, 5.29 ,59,37,11,33,46,0,1,1,0,278,39, 1.4 , 6.6 , 4.7 , 1.6 , 1.46 , 2.27 , 0.08 , 5.57 , 5.63 ,5.52, 1 , 11 ,0.205896,0.0
Br Brennan,R,28,1,SEA,AL,Reliever,3,6,0,0,44,0,0,7,142,47.3, 4.56 ,34,24,6,24,47,4,6,0,0,196,25, 2.0 , 8.9 , 4.6 , 1.1 , 1.23 , 1.77 , 0.07 , 4.75 , 4.38 ,4.08, 55 , 26 ,0.575,0.1
Wa Davis,R,33,1,COL,NL,Reliever,1,6,0,0,50,0,15,32,128,42.7, 8.65 ,51,41,7,29,42,0,1,2,0,206,42, 1.4 , 8.9 , 6.1 , 1.5 , 1.88 , 2.32 , 0.09 , 8.86 , 5.54 ,5.27, 18 , 10 ,18.0,-0.2
Ja Gustave,R,26,1,SFN,NL,Reliever,0,0,0,0,23,0,1,4,73,24.3, 2.96 ,18,8,1,9,14,0,0,0,0,99,11, 1.6 , 5.2 , 3.3 , 0.4 , 1.11 , 0.78 , 0.02 , 4.07 , 3.69 ,3.82, 8 , 25 ,0.185008,0.2
Bu Boshers,L,31,1,TOR,AL,Reliever,0,3,0,0,28,1,0,6,60,20.0, 4.05 ,20,9,3,10,26,0,2,1,0,91,10, 2.6 , 11.7 , 4.5 , 1.4 , 1.50 , 2.00 , 0.10 , 4.50 , 4.20 ,4.05, 153 , 19 ,0.182024,0.1
Ra Suarez,L,23,1,PHI,NL,Reliever,6,1,0,0,37,0,0,8,146,48.7, 3.14 ,52,17,6,12,42,2,1,1,1,205,18, 3.5 , 7.8 , 2.2 , 1.1 , 1.32 , 1.48 , 0.06 , 3.33 , 3.88 ,3.72, 60 , 36 ,0.334208,0.4
Ja McGee,L,32,1,COL,NL,Reliever,0,2,0,0,45,0,0,10,124,41.3, 4.35 ,47,20,11,11,35,1,0,3,1,180,25, 3.2 , 7.6 , 2.4 , 2.4 , 1.40 , 2.93 , 0.14 , 5.44 , 5.98 ,5.61, 13 , 8 ,8.5,-0.3
Bl Treinen,R,31,1,OAK,AL,Reliever,6,5,0,0,57,0,16,35,176,58.7, 4.91 ,58,32,9,37,59,1,1,1,0,266,33, 1.6 , 9.1 , 5.7 , 1.4 , 1.62 , 2.16 , 0.08 , 5.06 , 5.13 ,4.92, 30 , 15 ,6.4,-0.3
Jo Cueto,R,33,1,SFN,NL,Reliever,1,2,0,0,4,4,0,0,48,16.0, 5.06 ,11,9,3,9,13,0,1,0,0,67,9, 1.4 , 7.3 , 5.1 , 1.7 , 1.25 , 2.44 , 0.09 , 5.06 , 5.70 ,5.7, 3 , 4 ,21.0,-0.1
Ni Margevicius,L,23,1,SDN,NL,Reliever,2,6,0,0,17,12,0,1,171,57.0, 6.79 ,73,43,12,19,42,1,1,3,0,263,46, 2.2 , 6.6 , 3.0 , 1.9 , 1.61 , 2.44 , 0.10 , 7.26 , 5.62 ,5.29, 5 , 12 ,0.304368,-0.1
Jo Jimenez,R,24,1,DET,AL,Reliever,4,7,0,0,66,0,9,29,179,59.7, 4.37 ,56,29,13,23,82,1,1,4,1,257,33, 3.6 , 12.4 , 3.5 , 2.0 , 1.32 , 2.56 , 0.15 , 4.98 , 4.64 ,4.31, 181 , 24 ,0.5692,0.3
Br Woodruff,R,26,1,MIL,NL,Reliever,11,3,0,0,22,22,0,0,365,121.7, 3.62 ,109,49,12,30,143,0,1,5,1,493,49, 4.8 , 10.6 , 2.2 , 0.9 , 1.14 , 1.23 , 0.06 , 3.62 , 2.99 ,2.95, 198 , 118 ,0.5614,3.8
Mi Wacha,R,27,1,STL,NL,Reliever,6,7,0,0,29,24,0,0,380,126.7, 4.76 ,143,67,26,55,104,4,2,3,0,562,71, 1.9 , 7.4 , 3.9 , 1.8 , 1.56 , 2.49 , 0.10 , 5.04 , 5.60 ,5.28, 9 , 21 ,6.35,-0.2
Br Workman,R,30,1,BOS,AL,Reliever,10,1,0,0,73,0,16,30,215,71.7, 1.88 ,29,15,1,45,104,4,4,2,1,286,18, 2.3 , 13.1 , 5.7 , 0.1 , 1.03 , 0.77 , 0.01 , 2.26 , 2.45 ,2.35, 297 , 210 ,1.15,2.1
Wa LeBlanc,L,34,1,SEA,AL,Reliever,6,7,0,0,26,8,0,4,364,121.3, 5.71 ,145,77,28,31,92,1,0,1,0,532,80, 3.0 , 6.8 , 2.3 , 2.1 , 1.45 , 2.56 , 0.11 , 5.93 , 5.47 ,5.2, 10 , 22 ,2.8,-0.3
Ge Hartlieb,R,26,1,PIT,NL,Reliever,0,1,0,0,29,0,0,10,105,35.0, 9.00 ,52,35,8,18,38,0,5,0,1,171,35, 2.1 , 9.8 , 4.6 , 2.1 , 2.00 , 2.80 , 0.14 , 9.00 , 5.54 ,5.07, 44 , 10 ,0.274528,-0.2
Ma Walden,R,30,1,BOS,AL,Reliever,9,2,0,0,70,0,2,8,234,78.0, 3.81 ,61,33,6,32,76,1,6,5,1,327,38, 2.4 , 8.8 , 3.7 , 0.7 , 1.19 , 1.18 , 0.04 , 4.38 , 3.67 ,3.63, 81 , 49 ,0.52879,1.0
Wi Smith,L,29,1,SFN,NL,Reliever,6,0,0,0,63,0,34,52,196,65.3, 2.76 ,46,20,10,21,96,2,3,0,0,257,20, 4.6 , 13.2 , 2.9 , 1.4 , 1.03 , 1.85 , 0.11 , 2.76 , 3.22 ,3.03, 310 , 84 ,4.225,1.4
Jo Yamamoto,R,23,1,MIA,NL,Reliever,4,5,0,0,15,15,0,0,236,78.7, 4.46 ,54,39,11,36,82,1,5,5,0,325,42, 2.3 , 9.4 , 4.1 , 1.3 , 1.14 , 1.86 , 0.08 , 4.81 , 4.50 ,4.39, 67 , 27 ,0.32824,0.7
Al Colome,R,30,1,CHA,AL,Reliever,4,5,0,0,62,0,30,54,183,61.0, 2.80 ,42,19,7,23,55,2,4,1,0,249,28, 2.4 , 8.1 , 3.4 , 1.0 , 1.07 , 1.52 , 0.06 , 4.13 , 4.07 ,3.93, 52 , 33 ,7.325,0.7
Jo Soria,R,35,1,OAK,AL,Reliever,2,4,0,0,71,1,1,21,207,69.0, 4.30 ,51,33,9,20,79,1,5,3,1,278,33, 4.0 , 10.3 , 2.6 , 1.2 , 1.03 , 1.59 , 0.08 , 4.30 , 3.61 ,3.46, 151 , 54 ,6.5,1.0
Da Phelps,R,32,2,CHN,NL,Reliever,2,1,0,0,41,1,1,4,103,34.3, 3.41 ,31,13,5,17,36,1,3,1,0,147,14, 2.1 , 9.4 , 4.5 , 1.3 , 1.40 , 1.95 , 0.08 , 3.67 , 4.57 ,4.37, 63 , 17 ,0.833342,0.1
Jo Urena,R,27,1,MIA,NL,Reliever,4,10,0,0,24,13,3,8,254,84.7, 5.21 ,99,49,13,26,62,3,2,2,0,369,53, 2.4 , 6.6 , 2.8 , 1.4 , 1.48 , 1.84 , 0.07 , 5.63 , 4.72 ,4.48, 15 , 26 ,3.2,0.4
Je Hellickson,R,32,1,WAS,NL,Reliever,2,3,0,0,9,8,0,1,117,39.0, 6.23 ,47,27,9,20,30,1,1,1,0,183,31, 1.5 , 6.9 , 4.6 , 2.1 , 1.72 , 2.82 , 0.12 , 7.15 , 6.28 ,5.85, 0 , 6 ,1.9,0.0
Na Eovaldi,R,29,1,BOS,AL,Reliever,2,1,0,0,23,12,0,2,203,67.7, 5.99 ,72,45,16,35,70,0,6,3,0,302,46, 2.0 , 9.3 , 4.7 , 2.1 , 1.58 , 2.88 , 0.14 , 6.12 , 5.89 ,5.6, 27 , 11 ,17.0,-0.3
Bl Snell,L,26,1,TBA,AL,Reliever,6,8,0,0,23,23,0,0,321,107.0, 4.29 ,96,51,14,40,147,1,11,1,1,441,53, 3.7 , 12.4 , 3.4 , 1.2 , 1.27 , 1.68 , 0.09 , 4.46 , 3.30 ,3.22, 246 , 85 ,1.6,2.7
Se Lugo,R,29,1,NYN,NL,Reliever,7,4,0,0,61,0,6,14,240,80.0, 2.70 ,56,24,8,16,104,4,2,5,0,314,28, 6.5 , 11.7 , 1.8 , 0.9 , 0.90 , 1.20 , 0.06 , 3.15 , 2.69 ,2.48, 288 , 178 ,0.591875,2.3
Sa Howard,L,26,1,COL,NL,Reliever,2,0,0,0,20,0,0,3,57,19.0, 6.63 ,21,14,5,10,23,0,2,3,0,91,16, 2.3 , 10.9 , 4.7 , 2.4 , 1.63 , 3.16 , 0.17 , 7.58 , 6.25 ,5.78, 57 , 4 ,0.158152,-0.2
Lu Sims,R,25,1,CIN,NL,Reliever,2,1,0,0,24,4,0,2,129,43.0, 4.60 ,31,22,8,19,57,0,1,2,0,177,22, 3.0 , 11.9 , 4.0 , 1.7 , 1.16 , 2.30 , 0.13 , 4.60 , 4.43 ,4.26, 159 , 21 ,0.229768,0.4
Yo Lopez,R,26,1,ARI,NL,Reliever,2,7,0,0,70,0,1,13,182,60.7, 3.41 ,52,23,11,17,42,2,1,0,0,246,27, 2.5 , 6.2 , 2.5 , 1.6 , 1.14 , 2.09 , 0.09 , 4.01 , 5.01 ,4.83, 8 , 16 ,0.5569,-0.3
Se Doolittle,L,32,1,WAS,NL,Reliever,6,5,0,0,63,0,29,55,180,60.0, 4.05 ,63,27,11,15,66,2,0,2,0,260,27, 4.4 , 9.9 , 2.3 , 1.7 , 1.30 , 2.08 , 0.11 , 4.05 , 4.23 ,3.95, 115 , 32 ,6.0,0.7
Ry Brasier,R,31,1,BOS,AL,Reliever,2,4,0,0,62,0,7,15,167,55.7, 4.85 ,51,30,9,21,61,1,3,3,0,241,33, 2.9 , 9.9 , 3.4 , 1.5 , 1.29 , 1.99 , 0.09 , 5.34 , 4.40 ,4.17, 94 , 26 ,0.501242,0.3
Wi Smith,L,29,1,SFN,NL,Reliever,6,0,0,0,63,0,34,52,196,65.3, 2.76 ,46,20,10,21,96,2,3,0,0,257,20, 4.6 , 13.2 , 2.9 , 1.4 , 1.03 , 1.85 , 0.11 , 2.76 , 3.22 ,3.03, 310 , 84 ,4.225,1.4
Ri Rodriguez,R,29,1,PIT,NL,Reliever,4,5,0,0,72,0,1,12,196,65.3, 3.72 ,65,27,14,23,63,3,1,2,0,285,30, 2.7 , 8.7 , 3.2 , 1.9 , 1.35 , 2.49 , 0.12 , 4.13 , 5.21 ,4.8, 41 , 18 ,0.61512,-0.3
Se Romo,R,36,2,MIN,AL,Reliever,2,1,0,0,65,0,20,33,181,60.3, 3.43 ,50,23,7,17,60,3,3,2,1,249,27, 3.5 , 9.0 , 2.5 , 1.0 , 1.11 , 1.44 , 0.06 , 4.03 , 3.66 ,3.44, 100 , 52 ,0.873665,1.0
Ki Yates,R,32,1,SDN,NL,Reliever,0,5,0,0,60,0,41,51,182,60.7, 1.19 ,41,8,2,13,101,1,2,7,0,243,14, 7.8 , 15.0 , 1.9 , 0.3 , 0.89 , 0.54 , 0.03 , 2.08 , 1.29 ,1.41, 622 ," 1,325 ",3.0625,3.4
Ad Houser,R,26,1,MIL,NL,Reliever,6,7,0,0,35,18,0,7,334,111.3, 3.72 ,101,46,14,37,117,2,2,5,0,462,49, 3.2 , 9.5 , 3.0 , 1.1 , 1.24 , 1.59 , 0.07 , 3.96 , 3.86 ,3.72, 104 , 55 ,0.450584,1.5
Ar Jurado,R,23,1,TEX,AL,Reliever,7,11,1,0,32,18,0,3,367,122.3, 5.81 ,148,79,21,36,81,1,3,4,0,541,94, 2.3 , 6.0 , 2.6 , 1.5 , 1.50 , 2.01 , 0.08 , 6.92 , 5.09 ,4.88, 5 , 26 ,0.468488,0.9
Ke McCarthy,R,27,1,KCA,AL,Reliever,4,2,0,0,56,0,1,14,181,60.3, 4.48 ,68,30,4,21,38,6,2,2,0,268,31, 1.8 , 5.7 , 3.1 , 0.6 , 1.48 , 1.01 , 0.03 , 4.62 , 3.95 ,3.69, 14 , 41 ,0.447696,0.5
Mi Lorenzen,R,27,1,CIN,NL,Reliever,1,4,0,0,73,0,7,16,250,83.3, 2.92 ,68,27,9,28,85,1,2,2,0,343,29, 3.0 , 9.2 , 3.0 , 1.0 , 1.15 , 1.42 , 0.06 , 3.13 , 3.64 ,3.55, 100 , 54 ,1.95,1.3
Pe Lambert,R,22,1,COL,NL,Reliever,3,7,0,0,19,19,0,0,268,89.3, 7.25 ,119,72,18,36,57,3,5,6,0,420,74, 1.6 , 5.7 , 3.6 , 1.8 , 1.74 , 2.42 , 0.09 , 7.46 , 5.95 ,5.54, 0 , 14 ,0.346144,0.5
Ke Herrera,R,29,1,CHA,AL,Reliever,3,3,0,0,57,0,1,16,154,51.3, 6.14 ,60,35,8,23,53,6,8,1,2,235,36, 2.3 , 9.3 , 4.0 , 1.4 , 1.62 , 2.01 , 0.09 , 6.31 , 4.56 ,4.03, 67 , 28 ,8.5,0.4
Je Tinoco,R,24,1,COL,NL,Reliever,0,3,0,0,24,0,1,3,108,36.0, 4.75 ,36,19,12,22,28,1,1,1,0,161,23, 1.3 , 7.0 , 5.5 , 3.0 , 1.61 , 3.94 , 0.18 , 5.75 , 7.89 ,7.64, 0 , 2 ,0.25364,-1.0
Di Castillo,R,25,1,TBA,AL,Reliever,5,8,0,0,65,6,8,18,206,68.7, 3.41 ,59,26,8,26,81,4,5,5,0,290,32, 3.1 , 10.6 , 3.4 , 1.0 , 1.24 , 1.54 , 0.07 , 4.19 , 3.71 ,3.45, 152 , 55 ,0.5615,1.0
Za Britton,L,31,1,NYA,AL,Reliever,3,1,0,0,66,0,3,15,184,61.3, 1.91 ,38,13,3,32,53,1,3,1,0,245,13, 1.7 , 7.8 , 4.7 , 0.4 , 1.14 , 1.01 , 0.02 , 1.91 , 3.72 ,3.8, 41 , 37 ,13.0,0.8
Ju Anderson,R,26,1,LAA,AL,Reliever,3,0,0,0,54,0,1,7,141,47.0, 5.55 ,42,29,6,32,60,0,4,1,0,217,32, 1.9 , 11.5 , 6.1 , 1.1 , 1.57 , 1.96 , 0.08 , 6.13 , 4.41 ,4.27, 112 , 22 ,0.516249,0.3
Ar Bradley,R,26,1,ARI,NL,Reliever,4,5,0,0,66,1,18,32,215,71.7, 3.52 ,67,28,5,36,87,2,0,5,0,317,30, 2.4 , 10.9 , 4.5 , 0.6 , 1.44 , 1.20 , 0.04 , 3.77 , 3.40 ,3.31, 160 , 64 ,1.83,1.1
Dr Pomeranz,L,30,2,MIL,NL,Reliever,2,10,0,0,46,18,2,4,312,104.0, 4.85 ,105,56,21,44,137,0,1,4,1,455,58, 3.1 , 11.9 , 3.8 , 1.8 , 1.43 , 2.44 , 0.14 , 5.02 , 4.58 ,4.35, 152 , 33 ,0.491965,0.5
Pe Baez,R,31,1,LAN,NL,Reliever,7,2,0,0,71,0,1,9,209,69.7, 3.10 ,43,24,6,23,69,1,0,4,0,276,30, 3.0 , 8.9 , 3.0 , 0.8 , 0.95 , 1.19 , 0.04 , 3.88 , 3.50 ,3.44, 99 , 56 ,2.1,1.4
Ky Freeland,L,26,1,COL,NL,Reliever,3,11,0,0,22,22,0,0,313,104.3, 6.73 ,126,78,25,39,79,3,4,2,0,473,85, 2.0 , 6.8 , 3.4 , 2.2 , 1.58 , 2.77 , 0.12 , 7.33 , 5.98 ,5.61, 3 , 15 ,0.434434,0.0
Lu Bard,R,28,1,LAA,AL,Reliever,3,3,0,0,32,3,0,5,147,49.0, 4.78 ,41,26,8,13,40,1,5,5,1,199,27, 3.1 , 7.3 , 2.4 , 1.5 , 1.10 , 1.90 , 0.08 , 4.96 , 4.79 ,4.64, 30 , 17 ,0.299827,0.2
Ro Stripling,R,29,1,LAN,NL,Reliever,4,4,0,0,32,15,0,4,272,90.7, 3.47 ,84,35,11,20,93,0,4,2,0,370,40, 4.7 , 9.2 , 2.0 , 1.1 , 1.15 , 1.43 , 0.07 , 3.97 , 3.45 ,3.38, 122 , 67 ,0.595,1.9
Je Familia,R,29,1,NYN,NL,Reliever,4,2,0,0,66,0,0,14,180,60.0, 5.70 ,62,38,7,42,63,4,3,3,0,274,39, 1.5 , 9.5 , 6.3 , 1.1 , 1.73 , 1.87 , 0.06 , 5.85 , 4.87 ,4.58, 41 , 20 ,6.666666,-0.2
Ad Plutko,R,27,1,CLE,AL,Reliever,7,5,0,0,21,20,0,0,328,109.3, 4.86 ,115,59,22,26,78,2,0,4,0,462,61, 3.0 , 6.4 , 2.1 , 1.8 , 1.29 , 2.25 , 0.10 , 5.02 , 5.21 ,4.97, 10 , 23 ,0.361064,0.6
Ty Duffey,R,28,1,MIN,AL,Reliever,5,1,0,0,58,0,0,12,173,57.7, 2.50 ,44,16,8,14,82,1,3,3,1,238,23, 5.9 , 12.8 , 2.2 , 1.2 , 1.01 , 1.63 , 0.10 , 3.59 , 3.04 ,2.89, 317 , 94 ,0.4476,1.2
Dy Floro,R,28,1,LAN,NL,Reliever,5,3,0,0,50,0,0,4,140,46.7, 4.24 ,46,22,4,14,42,5,1,2,0,201,25, 3.0 , 8.1 , 2.7 , 0.8 , 1.29 , 1.16 , 0.04 , 4.82 , 3.54 ,3.22, 79 , 60 ,0.510384,0.6
Ca Martinez,R,27,1,STL,NL,Reliever,4,2,0,0,48,0,24,38,145,48.3, 3.17 ,39,17,2,18,53,1,2,3,0,200,18, 2.9 , 9.9 , 3.4 , 0.4 , 1.18 , 0.79 , 0.02 , 3.35 , 2.85 ,2.84, 158 , 95 ,11.7,1.2
Ma Melancon,R,34,2,ATL,NL,Reliever,5,2,0,0,66,0,12,34,202,67.3, 3.61 ,71,27,4,18,68,2,4,2,0,284,28, 3.8 , 9.1 , 2.4 , 0.5 , 1.32 , 0.86 , 0.03 , 3.74 , 2.84 ,2.81, 138 , 110 ,4.0,1.3
As Wojciechowski,R,30,1,BAL,AL,Reliever,4,8,0,0,17,16,0,0,247,82.3, 4.92 ,80,45,17,28,80,0,3,9,0,361,46, 2.9 , 8.7 , 3.1 , 1.9 , 1.31 , 2.40 , 0.11 , 5.03 , 5.29 ,5.03, 42 , 18 ,0.26856,1.0
My Givens,R,29,1,BAL,AL,Reliever,2,6,0,0,58,0,11,33,189,63.0, 4.57 ,49,32,13,26,86,1,5,2,0,260,35, 3.3 , 12.3 , 3.7 , 1.9 , 1.19 , 2.48 , 0.14 , 5.00 , 4.49 ,4.22, 177 , 26 ,2.15,0.6
Ri Hill,L,39,1,LAN,NL,Reliever,4,1,0,0,13,13,0,0,176,58.7, 2.45 ,48,16,10,18,72,2,0,4,0,242,20, 4.0 , 11.0 , 2.8 , 1.5 , 1.13 , 2.01 , 0.11 , 3.07 , 4.09 ,3.84, 161 , 35 ,18.666668,1.0
Er Skoglund,L,26,1,KCA,AL,Reliever,0,3,0,0,6,4,0,0,63,21.0, 9.00 ,30,21,5,9,4,0,0,1,0,101,21, 0.4 , 1.7 , 3.9 , 2.1 , 1.86 , 2.81 , 0.09 , 9.00 , 7.34 ,7.14, 0 , 2 ,0.33902,-0.3
Lu Jackson,R,27,1,ATL,NL,Reliever,9,2,0,0,70,0,18,35,218,72.7, 3.84 ,76,31,10,26,106,4,3,2,0,315,34, 4.1 , 13.1 , 3.2 , 1.2 , 1.40 , 1.73 , 0.10 , 4.21 , 3.23 ,2.98, 302 , 92 ,0.585,1.3
Ke Gausman,R,28,2,CIN,NL,Reliever,3,9,0,0,31,17,0,6,307,102.3, 5.72 ,113,65,15,32,114,3,2,5,0,451,71, 3.6 , 10.0 , 2.8 , 1.3 , 1.42 , 1.78 , 0.08 , 6.24 , 3.96 ,3.72, 124 , 52 ,2.815064,1.3
Ry Stanek,R,27,2,MIA,NL,Reliever,0,4,0,0,63,27,1,12,231,77.0, 3.97 ,61,34,11,39,89,3,5,0,0,327,39, 2.3 , 10.4 , 4.6 , 1.3 , 1.30 , 1.94 , 0.08 , 4.56 , 4.26 ,4.04, 100 , 34 ,0.185013,0.7
Lu Weaver,R,25,1,ARI,NL,Reliever,4,3,0,0,12,12,0,0,193,64.3, 2.94 ,55,21,6,14,69,1,0,3,0,260,22, 4.9 , 9.7 , 2.0 , 0.8 , 1.07 , 1.15 , 0.05 , 3.08 , 3.06 ,2.98, 159 , 88 ,0.5813,1.8
Se Manaea,L,27,1,OAK,AL,Reliever,4,0,0,0,5,5,0,0,89,29.7, 1.21 ,16,4,3,7,30,0,1,2,0,109,4, 4.3 , 9.1 , 2.1 , 0.9 , 0.78 , 1.25 , 0.05 , 1.21 , 3.40 ,3.38, 120 , 42 ,3.15,0.8
De Law,R,28,1,TOR,AL,Reliever,1,2,0,0,58,4,5,18,182,60.7, 4.90 ,61,33,8,40,67,3,7,3,0,285,36, 1.7 , 9.9 , 5.9 , 1.2 , 1.66 , 1.98 , 0.07 , 5.34 , 4.83 ,4.52, 57 , 21 ,0.4476,0.0
Ty Glasnow,R,25,1,TBA,AL,Reliever,6,1,0,0,12,12,0,0,182,60.7, 1.78 ,40,12,4,14,76,0,2,0,0,230,13, 5.4 , 11.3 , 2.1 , 0.6 , 0.89 , 0.89 , 0.04 , 1.93 , 2.24 ,2.24, 275 , 236 ,0.5667,2.3
Je Springs,L,26,1,TEX,AL,Reliever,4,1,0,0,25,0,0,7,97,32.3, 6.40 ,38,23,4,23,32,0,0,0,0,155,23, 1.4 , 8.9 , 6.4 , 1.1 , 1.89 , 1.95 , 0.07 , 6.40 , 4.96 ,4.84, 25 , 11 ,0.500165,0.1
Ty Alexander,L,24,1,DET,AL,Reliever,1,4,0,0,13,8,0,1,161,53.7, 4.86 ,68,29,9,7,47,0,1,2,0,235,30, 6.7 , 7.9 , 1.2 , 1.5 , 1.40 , 1.81 , 0.09 , 5.03 , 4.13 ,3.98, 66 , 30 ,0.173072,0.9
Ja Hughes,R,33,2,PHI,NL,Reliever,5,5,0,0,72,0,1,13,214,71.3, 4.04 ,57,32,13,27,54,1,1,2,0,289,37, 2.0 , 6.8 , 3.4 , 1.6 , 1.18 , 2.20 , 0.09 , 4.67 , 5.27 ,5.2, 7 , 14 ,0.52555,-0.5
Yi Garcia,R,28,1,LAN,NL,Reliever,1,4,0,0,64,0,0,22,187,62.3, 3.61 ,40,25,15,14,66,2,1,6,1,247,28, 4.7 , 9.5 , 2.0 , 2.2 , 0.87 , 2.63 , 0.14 , 4.04 , 5.17 ,4.86, 75 , 16 ,0.71,-0.3
Lu Perdomo,R,26,1,SDN,NL,Reliever,2,4,0,0,47,1,0,13,216,72.0, 4.00 ,69,32,6,18,55,1,3,2,0,296,34, 3.1 , 6.9 , 2.3 , 0.8 , 1.21 , 1.08 , 0.04 , 4.25 , 3.59 ,3.55, 45 , 51 ,0.435664,0.7
Aa Bummer,L,25,1,CHA,AL,Reliever,0,0,0,0,58,0,1,5,203,67.7, 2.13 ,43,16,4,24,60,2,4,3,0,262,17, 2.5 , 8.0 , 3.2 , 0.5 , 0.99 , 0.95 , 0.03 , 2.26 , 3.39 ,3.37, 71 , 59 ,0.46252,1.3
Yo Hirano,R,35,1,ARI,NL,Reliever,5,5,0,0,62,0,1,11,159,53.0, 4.75 ,51,28,7,22,61,2,2,3,0,233,31, 2.8 , 10.4 , 3.7 , 1.2 , 1.38 , 1.74 , 0.08 , 5.26 , 4.03 ,3.79, 122 , 35 ,3.5,0.5
Gr Soto,L,24,1,DET,AL,Reliever,0,5,0,0,33,7,0,9,173,57.7, 5.77 ,74,37,9,33,45,1,5,0,0,276,39, 1.4 , 7.0 , 5.2 , 1.4 , 1.86 , 2.13 , 0.08 , 6.09 , 5.38 ,5.14, 4 , 13 ,0.31332,0.0
Ja Jackson,R,31,1,MIL,NL,Reliever,1,0,0,0,28,0,0,9,91,30.3, 4.45 ,22,15,6,18,47,1,0,2,0,132,15, 2.6 , 13.9 , 5.3 , 1.8 , 1.32 , 2.57 , 0.16 , 4.45 , 4.65 ,4.33, 223 , 17 ,0.365568,-0.1
Wi Harris,R,34,1,HOU,AL,Reliever,4,1,0,0,68,0,4,10,180,60.0, 1.50 ,42,10,6,14,62,0,3,0,0,229,14, 4.4 , 9.3 , 2.1 , 0.9 , 0.93 , 1.23 , 0.05 , 2.10 , 3.13 ,3.08, 135 , 76 ,4.225,1.1
Bu Farmer,R,28,1,DET,AL,Reliever,6,6,0,0,73,1,0,8,203,67.7, 3.72 ,62,28,8,24,73,2,4,5,0,288,32, 3.0 , 9.7 , 3.2 , 1.1 , 1.27 , 1.54 , 0.07 , 4.26 , 3.87 ,3.69, 112 , 43 ,0.5708,0.9
Ma Bowman,R,28,1,CIN,NL,Reliever,2,0,0,0,27,0,0,10,96,32.0, 3.66 ,27,13,2,13,25,3,0,0,0,137,15, 1.9 , 7.0 , 3.7 , 0.6 , 1.25 , 1.03 , 0.03 , 4.22 , 3.67 ,3.43, 37 , 41 ,0.26856,0.3
Ad Conley,L,29,1,MIA,NL,Reliever,2,11,0,0,60,0,2,18,182,60.7, 6.53 ,76,44,10,29,53,6,2,3,0,283,45, 1.8 , 7.9 , 4.3 , 1.5 , 1.73 , 2.13 , 0.08 , 6.68 , 5.18 ,4.7, 21 , 18 ,1.125,-0.4
Ro Osuna,R,24,1,HOU,AL,Reliever,4,3,0,0,66,0,38,56,195,65.0, 2.63 ,45,19,8,12,73,0,1,2,0,253,20, 6.1 , 10.1 , 1.7 , 1.1 , 0.88 , 1.42 , 0.07 , 2.77 , 3.20 ,3.11, 175 , 76 ,6.5,1.6
Ad Ottavino,R,33,1,NYA,AL,Reliever,6,5,0,0,73,0,2,7,199,66.3, 1.90 ,47,14,5,40,88,3,3,2,1,283,17, 2.2 , 11.9 , 5.4 , 0.7 , 1.31 , 1.36 , 0.05 , 2.31 , 3.43 ,3.29, 187 , 63 ,9.0,1.3
Tr Cahill,R,31,1,LAA,AL,Reliever,4,9,0,0,37,11,0,12,307,102.3, 5.98 ,111,68,25,39,81,0,14,6,0,455,71, 2.1 , 7.1 , 3.4 , 2.2 , 1.47 , 2.82 , 0.12 , 6.24 , 6.11 ,5.82, 4 , 14 ,9.0,-0.7
Ri Bleier,L,32,1,BAL,AL,Reliever,3,0,0,0,53,1,4,13,166,55.3, 5.37 ,65,33,6,8,30,2,1,4,0,235,34, 3.8 , 4.9 , 1.3 , 1.0 , 1.32 , 1.23 , 0.05 , 5.53 , 4.18 ,4.09, 9 , 28 ,0.5725,0.6
Sa Dyson,R,31,2,MIN,AL,Reliever,5,1,0,0,61,0,2,8,187,62.3, 3.32 ,53,23,6,13,55,0,1,3,0,249,26, 4.2 , 7.9 , 1.9 , 0.9 , 1.06 , 1.17 , 0.05 , 3.75 , 3.46 ,3.42, 82 , 54 ,1.639802,0.9
Ni Goody,R,27,1,CLE,AL,Reliever,3,2,0,0,39,0,0,6,122,40.7, 3.54 ,30,16,7,22,50,1,0,0,0,173,18, 2.3 , 11.1 , 4.9 , 1.5 , 1.28 , 2.26 , 0.11 , 3.98 , 4.60 ,4.37, 105 , 19 ,0.424593,0.2
Da Otero,R,34,1,CLE,AL,Reliever,0,0,0,0,25,0,0,4,89,29.7, 4.85 ,42,16,6,3,16,0,1,1,0,131,17, 5.3 , 4.9 , 0.9 , 1.8 , 1.52 , 2.12 , 0.09 , 5.16 , 5.16 ,4.9, 2 , 10 ,1.3,-0.1
Da Altavilla,R,26,1,SEA,AL,Reliever,2,1,0,0,17,0,0,3,44,14.7, 5.52 ,9,9,1,12,18,1,2,0,0,64,9, 1.5 , 11.0 , 7.4 , 0.6 , 1.43 , 1.50 , 0.04 , 5.52 , 4.09 ,3.91, 94 , 19 ,0.307352,0.1
Br Peacock,R,31,1,HOU,AL,Reliever,7,6,0,0,23,15,0,1,275,91.7, 4.12 ,78,42,15,31,96,0,1,5,1,383,43, 3.1 , 9.4 , 3.0 , 1.5 , 1.19 , 1.97 , 0.09 , 4.22 , 4.41 ,4.26, 82 , 32 ,3.11,1.1
Cr Kimbrel,R,31,1,CHN,NL,Reliever,0,4,0,0,23,0,13,17,62,20.7, 6.53 ,21,15,9,12,30,0,0,2,0,96,15, 2.5 , 13.1 , 5.2 , 3.9 , 1.60 , 4.94 , 0.39 , 6.53 , 7.99 ,7.32, 56 , 2 ,10.0,-1.1
Gi Gonzalez,L,33,1,MIL,NL,Reliever,3,2,0,0,19,17,0,0,262,87.3, 3.50 ,76,34,9,37,78,0,5,0,0,366,36, 2.1 , 8.0 , 3.8 , 0.9 , 1.29 , 1.45 , 0.05 , 3.71 , 4.02 ,4.04, 46 , 37 ,1.709677,1.2
Je Rodriguez,R,25,1,CLE,AL,Reliever,1,5,0,0,10,8,0,1,140,46.7, 4.63 ,48,24,5,21,33,1,4,0,1,203,26, 1.6 , 6.4 , 4.1 , 1.0 , 1.48 , 1.52 , 0.05 , 5.01 , 4.53 ,4.44, 9 , 19 ,0.444616,0.5
Ga Richards,R,31,1,SDN,NL,Reliever,0,1,0,0,3,3,0,0,26,8.7, 8.31 ,10,8,2,6,11,0,1,0,0,41,8, 1.8 , 11.4 , 6.2 , 2.1 , 1.85 , 3.00 , 0.15 , 8.31 , 5.74 ,5.35, 63 , 4 ,7.0,-0.1
Jo Alvarez,L,30,1,PHI,NL,Reliever,3,4,0,0,67,1,1,11,177,59.0, 3.36 ,66,22,8,18,51,4,3,1,0,255,25, 2.8 , 7.8 , 2.7 , 1.2 , 1.42 , 1.66 , 0.07 , 3.81 , 4.20 ,3.93, 48 , 33 ,1.925,0.4
Ed Diaz,R,25,1,NYN,NL,Reliever,2,7,0,0,66,0,26,48,174,58.0, 5.59 ,58,36,15,22,99,3,3,4,0,254,36, 4.5 , 15.4 , 3.4 , 2.3 , 1.38 , 2.97 , 0.25 , 5.59 , 4.49 ,3.98, 356 , 31 ,0.607425,0.0
Ta Guerrero,R,28,1,MIA,NL,Reliever,1,2,0,0,52,0,0,10,138,46.0, 6.26 ,42,32,7,36,43,0,9,6,0,216,34, 1.2 , 8.4 , 7.0 , 1.4 , 1.70 , 2.30 , 0.08 , 6.65 , 6.05 ,5.94, 4 , 7 ,0.565,-0.6
Jo Means,L,26,1,BAL,AL,Reliever,12,11,0,0,31,27,0,1,465,155.0, 3.60 ,138,62,23,38,121,0,5,5,0,637,68, 3.2 , 7.0 , 2.2 , 1.3 , 1.14 , 1.73 , 0.07 , 3.95 , 4.40 ,4.35, 30 , 43 ,0.5555,3.3
Em Pagan,R,28,1,TBA,AL,Reliever,4,2,0,0,66,0,20,29,210,70.0, 2.31 ,45,18,12,13,96,1,3,1,0,267,19, 7.4 , 12.3 , 1.7 , 1.5 , 0.83 , 1.90 , 0.12 , 2.44 , 3.29 ,3.07, 282 , 82 ,0.49236,1.5
